fold,n_features_rev,n_features_cogs,revenue_mae,revenue_rmse,cogs_mae,cogs_rmse,score,bias_rev_pct,bias_cogs_pct
fold_2020,144,139,696098.5396186492,1031746.2330029713,518809.81523334456,722952.1584206822,903622.465711987,-7.831097283338096,3.9100584748166245
fold_2021,144,139,686363.0787549342,1036939.8302100815,548166.6162080368,826283.5978713273,905629.7252381489,-17.691149746314107,-5.332423672100739
fold_2022,144,139,935482.0949615758,1314614.2862693097,552091.1208327708,739803.9046137535,1156318.543294684,-25.08925842924352,-6.040340204387751
