{
  "elapsed_sec": 52.3,
  "mean_cv_score": 918943.6630520611,
  "mean_rev_pred": 2956526.55896641
}