fold,component,n_features_revenue,n_features_cogs,rec_revenue_mae,rec_cogs_mae,score
fold_2021,core_v3_like,152,152,644895.6417043532,565664.0790958266,871161.2733426838
fold_2021,aligned_keep_avg,121,100,600527.7339127166,490798.46695662674,796847.1206953673
fold_2021,aligned_drop_avg,107,86,610966.2795605,566125.8305003343,837416.6117606338
fold_2021,naive_lag365,0,0,710078.1359452055,549914.4282191781,930043.9072328768
fold_2022,core_v3_like,152,152,758311.1637416246,618921.0085792952,1005879.5671733427
fold_2022,aligned_keep_avg,121,100,615249.601890145,542611.5388171659,832294.2174170114
fold_2022,aligned_drop_avg,107,86,607588.4012328536,624119.5336938294,857236.2147103854
fold_2022,naive_lag365,0,0,837704.0917808219,701957.5676986302,1118487.118860274
