fold,n_features_rev,n_features_cogs,revenue_mae_raw,cogs_mae_raw,score_raw,revenue_mae,cogs_mae,score,optimal_alpha
fold_2020,144,139,764341.7514329815,589389.7474361592,1000097.6504074452,764341.7514329815,589389.7474361592,1000097.6504074452,0.0
fold_2021,144,139,582649.7967050943,531809.0136518094,795373.402165818,582649.7967050943,531809.0136518094,795373.402165818,0.0
fold_2022,144,139,672556.1016559175,555427.4622464795,894727.0865545092,613275.5766394467,563498.4919321566,838674.9734123093,1.0
