{
  "elapsed_sec": 1521.1,
  "mean_ratio_score": 1994255.081303619,
  "mean_standard_score": 913122.7838956706
}