fold,global_revenue_mae,global_cogs_mae,global_score
fold_2021,535036.8148136227,468020.7901078025,722245.1308567438
fold_2022,594865.6887698828,540768.6276061232,811173.1398123321
