file,w_fe_refresh,w_anchor,mad_avg_vs_anchor,mad_revenue_vs_anchor,mad_cogs_vs_anchor,corr_revenue_vs_anchor,corr_cogs_vs_anchor
ex_11_bridge_w05.csv,0.05,0.95,10301.558045618169,9408.582426626439,11194.533664609899,0.9999682814471414,0.9999718476489954
ex_11_bridge_w10.csv,0.1,0.9,20603.116091236596,18817.164853253056,22389.06732922014,0.9998741646020904,0.9998871244568017
ex_11_bridge_w15.csv,0.15,0.85,30904.67413685471,28225.747279879466,33583.60099382995,0.9997192050567202,0.9997454507656482
ex_11_bridge_w20.csv,0.2,0.8,41206.2321824732,37634.32970650614,44778.134658440256,0.9995049534522847,0.9995464734909083
