{
  "elapsed_sec": 538.9,
  "mean_direct_score": 805132.5173464831,
  "mean_phase_score": 854909.3676489453
}