{
  "elapsed_sec": 1358.1,
  "corrections": {
    "Revenue": {
      "1": 0.9342062367390215,
      "2": 1.0119065209707112,
      "3": 1.0454169098300177,
      "4": 0.9313624679584482,
      "5": 0.8982284790401974,
      "6": 0.9043306584237237,
      "7": 0.9068381226146478,
      "8": 1.16549358225039,
      "9": 1.0498498034653168,
      "10": 1.0509310216674346,
      "11": 0.9490410011439983,
      "12": 0.9105528102452051
    },
    "COGS": {
      "1": 0.9020297551553428,
      "2": 0.9775985684467573,
      "3": 1.0244782928863871,
      "4": 0.9375136573049159,
      "5": 0.8843688352219227,
      "6": 0.8735713695486224,
      "7": 0.8475721030736787,
      "8": 0.9076558733216431,
      "9": 0.8870184272780324,
      "10": 0.8075221756324912,
      "11": 0.7822707522502903,
      "12": 0.9097402360227288
    }
  },
  "mean_uncorrected_score": 915554.6434565358,
  "mean_corrected_score": 1014922.8923554864
}