fold,solver_revenue,solver_cogs,fold_opt_revenue_mae,fold_opt_cogs_mae,fold_opt_score,w_rev_core_v3_like,w_cogs_core_v3_like,w_rev_aligned_keep_avg,w_cogs_aligned_keep_avg,w_rev_aligned_drop_avg,w_cogs_aligned_drop_avg,w_rev_aligned_no_profiles,w_cogs_aligned_no_profiles,w_rev_naive_lag365,w_cogs_naive_lag365,w_rev_naive_lag365_lag7_blend,w_cogs_naive_lag365_lag7_blend
fold_2020,dirichlet_random,dirichlet_random,623394.8520967066,534114.1253314005,837040.5022292666,0.45025977095493186,0.38575705609443306,0.005563955566327914,0.06366779615535592,0.16140636977338074,0.1699630563835037,0.01397928771142745,0.07381275905463741,0.3562390755074596,0.30297983985661,0.012551540486472307,0.003819492455459807
fold_2021,dirichlet_random+scipy_slsqp,dirichlet_random,533019.286756526,464158.7335345992,718682.7801703657,0.2833406662786913,0.14613373768642413,0.3406221988789668,0.5385824433172796,0.0001261500300904424,0.006429652640060449,0.2774775003026105,0.0023711295495808947,0.09825487343974539,0.2855746808347204,0.00017861106989563037,0.02090835597193459
fold_2022,dirichlet_random,dirichlet_random,593829.9723106563,540891.5267991087,810186.5830302999,0.1535580968679461,0.04780880730291911,0.01759218159603996,0.6698632131840723,0.46073525667296533,0.032195828003658916,0.34739937888510164,0.07140297440749045,0.019628106887198384,0.17537405407400625,0.0010869790907486307,0.003355123027853005
