fold,global_revenue_mae,global_cogs_mae,global_score
fold_2020,648503.3014597279,543035.7389760169,865717.5970501347
fold_2021,536536.7525172071,471599.4413544467,725176.5290589858
fold_2022,613991.4751500401,551578.8940891189,834623.0327856877
