step,elapsed_sec,training_l1,valid_1_l1
0,0.0,1640649.1305835084,1445630.420168979
50,0.6,584832.2678337793,577713.0150912438
100,1.4,374299.8313567802,486126.4930683229
150,1.9,316926.54904490383,481452.0571354309
200,2.2,291009.6777901117,480913.597540248
250,2.5,269796.0219303127,480509.38329866866
300,2.9,252833.8352318476,480654.6117373365
