step,elapsed_sec,training_l1,valid_1_l1
0,0.0,1640776.8733190792,1445014.4758601408
50,0.6,586324.1378941876,576848.6312630776
100,1.1,373405.08119634195,481872.28131561686
150,1.5,316501.13521733024,476627.7830752629
200,1.7,288805.86371547746,476794.2846816426
250,2.0,266563.52770204534,476114.307177611
300,2.3,246423.75498382314,476426.85189160076
350,2.5,228434.58344880407,476949.73921972676
