step,elapsed_sec,training_l1,valid_1_l1
0,0.0,1640776.8733190794,1445014.4758601408
50,0.5,586324.1378941875,576848.6312630776
100,0.9,373405.08119634195,481872.28131561686
150,1.3,316501.1352173303,476627.7830752629
200,1.5,288805.86371547746,476794.2846816427
250,1.7,266563.5277020454,476114.307177611
300,1.9,246423.75498382314,476426.85189160076
350,2.2,228434.5834488041,476949.73921972676
