step,elapsed_sec,training_l1,valid_1_l1
0,0.0,1640649.130583509,1445630.420168979
50,0.5,584832.2678337792,577713.0150912438
100,1.0,374299.8313567802,486126.49306832283
150,1.3,316926.54904490383,481452.0571354309
200,1.5,291009.67779011175,480913.59754024807
250,1.7,269796.0219303127,480509.38329866854
300,1.9,252833.83523184762,480654.6117373365
