{
  "elapsed_sec": 2523.9,
  "mean_score": 769236.7578328091,
  "avg_weights": [
    0.0,
    0.7000000000000001,
    0.3
  ]
}