{
  "elapsed_sec": 1280.7,
  "avg_corrections_cv": {
    "Revenue": {
      "1": 1.094878273595249,
      "2": 1.2008480310420013,
      "3": 1.2111824120103583,
      "4": 1.014010434090001,
      "5": 0.9674390673209272,
      "6": 1.0495671131520368,
      "7": 1.029048886904266,
      "8": 1.0970682784746335,
      "9": 1.057366520837972,
      "10": 1.1449731918514976,
      "11": 1.083514295810501,
      "12": 1.0694956165746232
    },
    "COGS": {
      "1": 1.0832671179287487,
      "2": 1.2027716814103844,
      "3": 1.109436071113881,
      "4": 0.970565703468967,
      "5": 0.9385814088386604,
      "6": 0.9501811487305011,
      "7": 0.9365541031431623,
      "8": 0.9142746848721446,
      "9": 0.9344337163018245,
      "10": 0.8461652433196061,
      "11": 0.9244427452168495,
      "12": 1.067778423973922
    }
  },
  "avg_w_sl": {
    "Revenue": 0.8,
    "COGS": 0.625
  }
}