fold,alpha,n_features_rev,n_features_cogs,revenue_mae,cogs_mae,revenue_pred_mean,cogs_pred_mean,score
fold_2020,0.6,144,139,809233.4087064895,645439.14356106,3415033.603123451,2883067.093369273,1067409.0661309136
fold_2021,0.6,144,139,901154.8781336269,577192.711563701,3353330.299135046,2798906.50566241,1132031.9627591074
fold_2022,0.6,144,139,642761.1487652488,606565.7615454721,3156818.621224626,2891620.5633186144,885387.4533834377
