fold,horizon_days,n_features_rev,n_features_cogs,revenue_mae_raw,cogs_mae_raw,score_raw,revenue_mae,cogs_mae,score,alpha_rev,alpha_cogs
fold_2020,366,144,139,764341.7514329815,589389.7474361592,1000097.6504074452,764341.7514329815,589389.7474361592,1000097.6504074452,0.0,0.0
fold_2021,365,144,139,582649.7967050943,531809.0136518094,795373.402165818,582649.7967050943,531809.0136518094,795373.402165818,0.0,0.0
fold_2022,365,144,139,672556.1016559175,555427.4622464795,894727.0865545092,613275.5766394467,542221.8577574547,830164.3197424286,1.0,0.5
