step,elapsed_sec,training_l1,valid_1_l1
0,1.4,1940947.051790768,1699921.5314392566
50,2.0,686447.895776225,661198.3906641407
100,2.6,436902.9893685038,566772.1357639465
150,3.0,368924.29242603114,560514.3654939377
200,3.2,343159.4842527448,561576.260774985
250,3.5,317426.33717971435,561943.6145979555
