step,elapsed_sec,training_l1,valid_1_l1
0,1.2,1940755.3945756806,1698697.1577587125
50,1.8,685796.8602223634,658468.2449422444
100,2.3,440217.77634920995,555325.6885174589
150,2.7,368013.6269887833,548406.2424088961
200,2.9,339086.95211598964,548407.8574093322
250,3.2,315177.8203578366,549663.7412510191
