step,elapsed_sec,training_l1,valid_1_l1
0,0.9,1940947.0517907678,1699921.5314392564
50,1.3,686447.895776225,661198.3906641407
100,1.7,436902.98936850374,566772.1357639465
150,1.9,368924.29242603114,560514.3654939377
200,2.1,343159.48425274476,561576.2607749852
250,2.4,317426.33717971435,561943.6145979556
