step,elapsed_sec,training_l1,valid_1_l1
0,1.1,1940755.3945756804,1698697.1577587128
50,1.6,685796.8602223634,658468.2449422443
100,2.0,440217.77634921006,555325.6885174586
150,2.3,368013.6269887833,548406.2424088961
200,2.6,339086.9521159895,548407.8574093322
250,2.7,315177.82035783643,549663.7412510192
