method,folds,mean_mae,std_mae,mean_rmse,mean_r2,mean_delta_vs_baseline,median_features,model,fold_wins,rank_mean_mae
core_plus_promo_interactions,5,614770.7340785789,127869.31544048674,842717.3966442909,0.7916676482482018,-14299.599028046,124.0,lightgbm,2.0,1
core_plus_selected_aux_lags,5,628098.2691233209,136012.61361027317,869225.3821241606,0.7811449741295784,-972.0639833039371,131.0,lightgbm,0.0,2
baseline_v3_core,5,629070.3331066249,140738.52158610127,857581.1318908527,0.7848398437250821,0.0,119.0,lightgbm,0.0,3
core_plus_regime_features,5,632728.8155024478,148039.17655940485,867300.2648642135,0.776366414957036,3658.482395822927,130.0,lightgbm,0.0,4
deep_combo_promo_std,5,635366.2649699342,169892.47360263302,868205.7559267392,0.7729200985106536,6295.9318633093735,128.0,lightgbm,2.0,5
core_plus_recency_profiles,5,639567.5614149782,162247.95169482878,877515.5860832911,0.7683979285263185,10497.22830835341,123.0,lightgbm,0.0,6
deep_combo_blend,5,640271.0552742013,158840.4208644546,878263.8979926959,0.7692284493334716,11200.72216757657,155.0,lightgbm,0.0,7
core_plus_std_profiles,5,641318.2154315186,171450.5213605795,878087.45452663,0.764189886078823,12247.882324893715,123.0,lightgbm,1.0,8
